Timestamp,Open price,Close price,High price,Low price,Volume
2021-07-01 00:00:00,34577,34795,34795,34577,44537724
2021-07-01 00:15:00,34795,34832.5,34966,34794.5,42430882
2021-07-01 00:30:00,34832.5,34900.5,34989.5,34832,38523948
2021-07-01 00:45:00,34900.5,34792,34913.5,34666,44353158
2021-07-01 01:00:00,34792,34641,34820,34614.5,30833127
2021-07-01 01:15:00,34641,34790,34833,34641,36273998
2021-07-01 01:30:00,34790,34877.5,34925,34790,35559630
2021-07-01 01:45:00,34877.5,34880.5,34898.5,34777.5,28764759
2021-07-01 02:00:00,34880.5,35076,35098.5,34880.5,52588421
2021-07-01 02:15:00,35076,34984.5,35076,34977,18049730
2021-07-01 02:30:00,34984.5,35081.5,35081.5,34978.5,25611869
2021-07-01 02:45:00,35081.5,35027,35180,35007.5,36647922
2021-07-01 03:00:00,35027,34828.5,35031,34777,56672920
2021-07-01 03:15:00,34828.5,34792,34873.5,34713,48561918
2021-07-01 03:30:00,34792,34764,34827.5,34744.5,25946456
2021-07-01 03:45:00,34764,34722,34831,34722,20604733
2021-07-01 04:00:00,34722,34812,34812.5,34722,19995082
2021-07-01 04:15:00,34812,34885,34927,34800,23464123
2021-07-01 04:30:00,34885,34918,34988,34844,22464976
2021-07-01 04:45:00,34918,34944,35030,34907,14897424
2021-07-01 05:00:00,34944,34568,34957.5,34511,64675431
2021-07-01 05:15:00,34568,34490.5,34568,34438,57585061
2021-07-01 05:30:00,34490.5,34319.5,34490.5,34230,70860566
2021-07-01 05:45:00,34319.5,34301.5,34338,34262,19034754
2021-07-01 06:00:00,34301.5,34214.5,34379.5,34132.5,47957703
2021-07-01 06:15:00,34214.5,34220.5,34320,34214.5,20507487
2021-07-01 06:30:00,34220.5,34240.5,34315,34152,19534030
2021-07-01 06:45:00,34240.5,34111.5,34253,34111,24736413
2021-07-01 07:00:00,34111.5,34199.5,34223,34068.5,35376902
2021-07-01 07:15:00,34199.5,34163,34300,34120,35210609
2021-07-01 07:30:00,34163,34200.5,34239,34115,16387585
2021-07-01 07:45:00,34200.5,34302,34302.5,34200,13651667
2021-07-01 08:00:00,34302,34289.5,34305,34235,13207044
2021-07-01 08:15:00,34289.5,34220.5,34289.5,34170,12578197
2021-07-01 08:30:00,34220.5,34252,34256.5,34213,6575647
2021-07-01 08:45:00,34252,34322.5,34368.5,34251.5,29565205
2021-07-01 09:00:00,34322.5,34360.5,34436,34300,24476149
2021-07-01 09:15:00,34360.5,34177.5,34361,34170,34230752
2021-07-01 09:30:00,34177.5,34130,34249.5,34120.5,25994727
2021-07-01 09:45:00,34130,33491.5,34130.5,33400,519356156
2021-07-01 10:00:00,33491.5,33499,33572,33321.5,209639320
2021-07-01 10:15:00,33499,33504,33587.5,33434.5,149094857
2021-07-01 10:30:00,33504,33574.5,33621,33440,36790364
2021-07-01 10:45:00,33574.5,33335,33587,33334.5,50660954
2021-07-01 11:00:00,33335,33440,33498,33150,85782671
2021-07-01 11:15:00,33440,33462,33507,33417.5,22397676
2021-07-01 11:30:00,33462,33424.5,33462.5,33290,27600769
2021-07-01 11:45:00,33424.5,33452,33475,33318,26256672
2021-07-01 12:00:00,33452,33423.5,33500,33420,22854880
2021-07-01 12:15:00,33423.5,33370.5,33423.5,33238.5,32631373
2021-07-01 12:30:00,33370.5,33246.5,33421.5,33226,23652609
2021-07-01 12:45:00,33246.5,33230,33300,33100,54990075
2021-07-01 13:00:00,33230,33210,33364.5,33127,47967684
2021-07-01 13:15:00,33210,33126.5,33263.5,32956,57393172
2021-07-01 13:30:00,33126.5,33322,33325,33100.5,45448917
2021-07-01 13:45:00,33322,33173,33330,33159,29580323
2021-07-01 14:00:00,33173,33450,33469,33161,55344364
2021-07-01 14:15:00,33450,33503.5,33525,33381,42157568
2021-07-01 14:30:00,33503.5,33502.5,33553.5,33458,25365487
2021-07-01 14:45:00,33502.5,33700,33712,33502,73695788
2021-07-01 15:00:00,33700,33469,33700.5,33451.5,56505232
2021-07-01 15:15:00,33469,33545.5,33561,33435,23753002
2021-07-01 15:30:00,33545.5,33741.5,33821.5,33545.5,65625581
2021-07-01 15:45:00,33741.5,33627,33744.5,33619,38857579
2021-07-01 16:00:00,33627,33670.5,33688.5,33547.5,33714739
2021-07-01 16:15:00,33670.5,33666.5,33738,33632,19153862
2021-07-01 16:30:00,33666.5,33567.5,33762.5,33523.5,42851974
2021-07-01 16:45:00,33567.5,33384,33602.5,33370.5,52618468
2021-07-01 17:00:00,33384,33542,33582,33359.5,45276135
2021-07-01 17:15:00,33542,33151,33553.5,33127,105883474
2021-07-01 17:30:00,33151,33094.5,33151,33039,63051802
2021-07-01 17:45:00,33094.5,33183.5,33213,33080,51136414
2021-07-01 18:00:00,33183.5,33437,33686,33161.5,128790853
2021-07-01 18:15:00,33437,33561,33615,33399,43814452
2021-07-01 18:30:00,33561,33469,33561,33340,41343542
2021-07-01 18:45:00,33469,33430,33479.5,33370.5,21073208
2021-07-01 19:00:00,33430,33212.5,33503.5,33152.5,68623797
2021-07-01 19:15:00,33212.5,33274.5,33329.5,33188,26041058
2021-07-01 19:30:00,33274.5,33392,33447,33274.5,27179928
2021-07-01 19:45:00,33392,33126.5,33392,33110.5,36959598
2021-07-01 20:00:00,33126.5,33219.5,33297.5,33092,25633954
2021-07-01 20:15:00,33219.5,33196.5,33336,33161,19015714
2021-07-01 20:30:00,33196.5,33400,33550.5,33171.5,56001909
2021-07-01 20:45:00,33400,33469,33530,33392.5,15198242
2021-07-01 21:00:00,33469,33542,33591,33425,24677872
2021-07-01 21:15:00,33542,33503.5,33560,33490,7819219
2021-07-01 21:30:00,33503.5,33534,33557.5,33477,18676344
2021-07-01 21:45:00,33534,33292.5,33620,33202,66242888
2021-07-01 22:00:00,33292.5,33125.5,33330.5,33125.5,36210787
2021-07-01 22:15:00,33125.5,32940.5,33184,32788,159218914
2021-07-01 22:30:00,32940.5,32860.5,33026.5,32668.5,107874284
2021-07-01 22:45:00,32860.5,33075,33100,32845.5,51563455
2021-07-01 23:00:00,33075,33193,33274.5,33075,32467753
2021-07-01 23:15:00,33193,33285.5,33361,33131.5,24443279
2021-07-01 23:30:00,33285.5,33403.5,33430,33285,28996549
2021-07-01 23:45:00,33403.5,33405,33445,33364.5,14159981
2021-07-02 00:00:00,33405,33241.5,33524,33236.5,36008271
2021-07-02 00:15:00,33241.5,33484,33593,33241.5,36738040
2021-07-02 00:30:00,33484,33513,33580,33401,21034868
2021-07-02 00:45:00,33513,33488.5,33520,33419.5,11967432
2021-07-02 01:00:00,33488.5,33547,33562,33432,16625192
2021-07-02 01:15:00,33547,33488,33597,33454,17526618
2021-07-02 01:30:00,33488,33500,33548.5,33474.5,9468130
2021-07-02 01:45:00,33500,33538,33625,33496.5,17552204
2021-07-02 02:00:00,33538,33344,33577.5,33313,39715957
2021-07-02 02:15:00,33344,33449.5,33472.5,33271.5,23409155
2021-07-02 02:30:00,33449.5,33419.5,33545.5,33394.5,14466826
2021-07-02 02:45:00,33419.5,33512,33645,33419,32815941
2021-07-02 03:00:00,33512,33863,33948,33412.5,106246619
2021-07-02 03:15:00,33863,33738,33919,33738,42634997
2021-07-02 03:30:00,33738,33678.5,33743.5,33667,28999684
2021-07-02 03:45:00,33678.5,33742,33757.5,33613.5,23372724
2021-07-02 04:00:00,33742,33556,33786,33556,31207252
2021-07-02 04:15:00,33556,33459,33590,33431,22102284
2021-07-02 04:30:00,33459,33406,33496.5,33260,36841948
2021-07-02 04:45:00,33406,33259.5,33406.5,33219.5,53086589
2021-07-02 05:00:00,33259.5,33162.5,33318,33144.5,77412638
2021-07-02 05:15:00,33162.5,33246.5,33325,33162,36949495
2021-07-02 05:30:00,33246.5,33248,33324,33180,26116912
2021-07-02 05:45:00,33248,33249.5,33267,33178.5,16282240
2021-07-02 06:00:00,33249.5,32960.5,33250,32852,69561809
2021-07-02 06:15:00,32960.5,32862,33004,32751.5,81206523
2021-07-02 06:30:00,32862,32890,32897,32784.5,40105953
2021-07-02 06:45:00,32890,32882.5,32920.5,32803.5,20167074
2021-07-02 07:00:00,32882.5,32959.5,33031.5,32837.5,34097644
2021-07-02 07:15:00,32959.5,32970.5,33162,32959.5,38352247
2021-07-02 07:30:00,32970.5,33058,33078.5,32906,27160478
2021-07-02 07:45:00,33058,33115,33116,33009,15405405
2021-07-02 08:00:00,33115,33040.5,33176,33040,20367127
2021-07-02 08:15:00,33040.5,33046.5,33114.5,33007,18153810
2021-07-02 08:30:00,33046.5,32833,33076.5,32822.5,33623361
2021-07-02 08:45:00,32833,32825.5,32849,32635.5,66933579
2021-07-02 09:00:00,32825.5,32768.5,32979.5,32760.5,53966690
2021-07-02 09:15:00,32768.5,32828,32838,32670,49225147
2021-07-02 09:30:00,32828,32867.5,32909,32764.5,28858780
2021-07-02 09:45:00,32867.5,32944.5,32970.5,32855.5,38990322
2021-07-02 10:00:00,32944.5,33060,33084.5,32884,43770926
2021-07-02 10:15:00,33060,33103,33144,33055,44492817
2021-07-02 10:30:00,33103,33200,33210,33089,58045349
2021-07-02 10:45:00,33200,33363.5,33526,33200,132295985
2021-07-02 11:00:00,33363.5,33436.5,33497,33272,60716943
2021-07-02 11:15:00,33436.5,33363,33629,33360,65018895
2021-07-02 11:30:00,33363,33290.5,33389.5,33210,60835292
2021-07-02 11:45:00,33290.5,33362,33412,33290,21599046
2021-07-02 12:00:00,33362,33255.5,33362,33222,22588353
2021-07-02 12:15:00,33255.5,32964.5,33255.5,32920,106534868
2021-07-02 12:30:00,32964.5,32883.5,33086.5,32868,44738041
2021-07-02 12:45:00,32883.5,32951,33005.5,32883.5,20910968
2021-07-02 13:00:00,32951,32813,32951.5,32770,41275798
2021-07-02 13:15:00,32813,32958,32958,32742.5,34470330
2021-07-02 13:30:00,32958,32898.5,33054,32859,35347057
2021-07-02 13:45:00,32898.5,32977,33014.5,32890,29892677
2021-07-02 14:00:00,32977,33238.5,33252,32974.5,72257157
2021-07-02 14:15:00,33238.5,33081.5,33241,33078,26626049
2021-07-02 14:30:00,33081.5,33081,33097.5,32829,56405589
2021-07-02 14:45:00,33081,33004.5,33116,32888,37382003
2021-07-02 15:00:00,33004.5,32940,33045,32903.5,30420666
2021-07-02 15:15:00,32940,32904.5,33008,32845,27728746
2021-07-02 15:30:00,32904.5,33123,33200,32880,56530369
2021-07-02 15:45:00,33123,33205,33280,33120,54270444
2021-07-02 16:00:00,33205,33365,33388.5,33074,57014923
2021-07-02 16:15:00,33365,33315.5,33425.5,33265.5,37619625
2021-07-02 16:30:00,33315.5,33294,33383,33178.5,27423783
2021-07-02 16:45:00,33294,33455,33545,33294,58421215
2021-07-02 17:00:00,33455,33362,33470,33357.5,30047103
2021-07-02 17:15:00,33362,33499.5,33529.5,33274.5,35902530
2021-07-02 17:30:00,33499.5,33497.5,33710,33485.5,68743168
2021-07-02 17:45:00,33497.5,33664.5,33664.5,33430,46295789
2021-07-02 18:00:00,33664.5,33515,33696,33488,45766263
2021-07-02 18:15:00,33515,33390.5,33516.5,33361.5,47220354
2021-07-02 18:30:00,33390.5,33523,33547,33390,29777141
2021-07-02 18:45:00,33523,33685,33685,33470,39201133
2021-07-02 19:00:00,33685,33591,33697.5,33482.5,61752656
2021-07-02 19:15:00,33591,33522.5,33739,33505.5,65670116
2021-07-02 19:30:00,33522.5,33417.5,33522.5,33392,39077332
2021-07-02 19:45:00,33417.5,33570.5,33634.5,33417.5,32731940
2021-07-02 20:00:00,33570.5,33526.5,33628.5,33514,27872272
2021-07-02 20:15:00,33526.5,33458,33526.5,33435,18302492
2021-07-02 20:30:00,33458,33481,33548,33457,20637583
2021-07-02 20:45:00,33481,33425.5,33481,33317,38073696
2021-07-02 21:00:00,33425.5,33344.5,33428,33271,38999651
2021-07-02 21:15:00,33344.5,33302.5,33368.5,33223,19073825
2021-07-02 21:30:00,33302.5,33357,33364,33302.5,13742808
2021-07-02 21:45:00,33357,33265.5,33381,33231,24450357
2021-07-02 22:00:00,33265.5,33145,33285.5,33121,35997059
2021-07-02 22:15:00,33145,33115.5,33179,33090.5,26701947
2021-07-02 22:30:00,33115.5,33180.5,33200,33115,12237404
2021-07-02 22:45:00,33180.5,33296,33296,33139.5,18276616
2021-07-02 23:00:00,33296,33174.5,33296,33123.5,18554628
2021-07-02 23:15:00,33174.5,33179,33206.5,33020.5,53998081
2021-07-02 23:30:00,33179,33190,33201.5,33125.5,19872785
2021-07-02 23:45:00,33190,33097.5,33195,33049,26744090
2021-07-03 00:00:00,33097.5,33217.5,33218,33094.5,29269174
2021-07-03 00:15:00,33217.5,33327.5,33425,33217.5,61147053
2021-07-03 00:30:00,33327.5,33408.5,33475,33301,37540106
2021-07-03 00:45:00,33408.5,33442.5,33461,33390,19549219
2021-07-03 01:00:00,33442.5,33436.5,33451.5,33399,6785381
2021-07-03 01:15:00,33436.5,33471,33485.5,33408,12451365
2021-07-03 01:30:00,33471,33523.5,33547,33471,26758885
2021-07-03 01:45:00,33523.5,33718.5,33749.5,33523.5,55556322
2022-01-17 00:00:00,43035,42963.5,43068.5,42963.5,4289197
2022-01-17 00:15:00,42963.5,42961,43000,42938.5,4794259
2022-01-17 00:30:00,42961,42930,42961.5,42901,3797277
2022-01-17 00:45:00,42930,42963.5,42995.5,42929.5,3330387
2022-01-17 01:00:00,42963.5,43171.5,43172,42952.5,12499210
2022-01-17 01:15:00,43171.5,43172,43172,43171.5,3730788
2022-01-17 01:30:00,43172,43171.5,43172,43171.5,1950720
2022-01-17 01:45:00,43171.5,43189,43225,43103.5,8049255
2022-01-17 02:00:00,43189,43223.5,43245,43125.5,6644237
2022-01-17 02:15:00,43223.5,43191.5,43236,43152,3657392
2022-01-17 02:30:00,43191.5,43120.5,43219,43114,3394408
2022-01-17 02:45:00,43120.5,43056.5,43120.5,43056,3577792
2022-01-17 03:00:00,43056.5,43106,43154.5,43050,5933166
2022-01-17 03:15:00,43106,42967.5,43106.5,42913.5,11756382
2022-01-17 03:30:00,42967.5,43014,43018,42950,7375419
2022-01-17 03:45:00,43014,42877,43014,42866.5,5424355
2022-01-17 04:00:00,42877,42846,42907.5,42846,6721738
2022-01-17 04:15:00,42846,42894,42896,42822,7643360
2022-01-17 04:30:00,42894,42835,42900,42830.5,5079678
2022-01-17 04:45:00,42835,42895,42899.5,42835,13648344
2022-01-17 05:00:00,42895,42847.5,42936.5,42827,19676187
2022-01-17 05:15:00,42847.5,42894,42901.5,42827,12675741
2022-01-17 05:30:00,42894,42867,42894.5,42822,3127544
2022-01-17 05:45:00,42867,42907.5,42907.5,42866.5,4099634
2022-01-17 06:00:00,42907.5,42923,42965,42907,6777952
2022-01-17 06:15:00,42923,42796,42925,42788.5,8010863
2022-01-17 06:30:00,42796,42749.5,42796,42697.5,19385258
2022-01-17 06:45:00,42749.5,42655.5,42749.5,42650,12133985
2022-01-17 07:00:00,42655.5,42728.5,42728.5,42631,12982008
2022-01-17 07:15:00,42728.5,42762,42779,42721,7164447
2022-01-17 07:30:00,42762,42666,42762,42640,6769049
2022-01-17 07:45:00,42666,42650,42732.5,42650,4013397
2022-01-17 08:00:00,42650,42419.5,42650,42285,74595134
2022-01-17 08:15:00,42419.5,42546.5,42568,42400,8676904
2022-01-17 08:30:00,42546.5,42584.5,42608.5,42546.5,7905360
2022-01-17 08:45:00,42584.5,42671,42690.5,42512,10031024
2022-01-17 09:00:00,42671,42678.5,42734.5,42665,9603642
2022-01-17 09:15:00,42678.5,42809.5,42854,42678.5,13364086
2022-01-17 09:30:00,42809.5,42785.5,42841,42780,5979833
2022-01-17 09:45:00,42785.5,42774,42815,42745,3440045
2022-01-17 10:00:00,42774,42876.5,43013,42754.5,37857084
2022-01-17 10:15:00,42876.5,42873,42878,42776,7239120
2022-01-17 10:30:00,42873,42770,42877,42752,6283327
2022-01-17 10:45:00,42770,42681.5,42785,42666,8628210
2022-01-17 11:00:00,42681.5,42761,42761.5,42611,10711125
2022-01-17 11:15:00,42761,42674,42763,42603.5,7096190
2022-01-17 11:30:00,42674,42830,42847.5,42613,9925449
2022-01-17 11:45:00,42830,42831.5,42891,42776,12696121
2022-01-17 12:00:00,42831.5,42874.5,42875,42783.5,4452665
2022-01-17 12:15:00,42874.5,42753.5,42875,42753.5,6014338
2022-01-17 12:30:00,42753.5,42827.5,42849,42753.5,4834155
2022-01-17 12:45:00,42827.5,42859,42882,42805,3758286
2022-01-17 13:00:00,42859,42878.5,42912,42786,7265131
2022-01-17 13:15:00,42878.5,42834,42878.5,42755,4555968
2022-01-17 13:30:00,42834,42735.5,42834.5,42728,4829825
2022-01-17 13:45:00,42735.5,42797,42821,42649,6785144
2022-01-17 14:00:00,42797,42804,42835,42769,4944428
2022-01-17 14:15:00,42804,42724,42834,42723.5,6058850
2022-01-17 14:30:00,42724,42688.5,42734,42670.5,14298007
2022-01-17 14:45:00,42688.5,42662.5,42748,42662.5,6308842
2022-01-17 15:00:00,42662.5,42553,42686,42514,21717540
2022-01-17 15:15:00,42553,42721,42767.5,42462.5,18645158
2022-01-17 15:30:00,42721,42660.5,42787,42660,15586664
2022-01-17 15:45:00,42660.5,42577.5,42660.5,42577,12480973
2022-01-17 16:00:00,42577.5,42607,42612,42529.5,12060763
2022-01-17 16:15:00,42607,42588.5,42650,42588,9228549
2022-01-17 16:30:00,42588.5,42564.5,42655,42561,6734214
2022-01-17 16:45:00,42564.5,42643,42649,42535,5047386
2022-01-17 17:00:00,42643,42637.5,42712,42615,8810543
2022-01-17 17:15:00,42637.5,42735.5,42746.5,42593,11951618
2022-01-17 17:30:00,42735.5,42723.5,42735.5,42665,7178715
2022-01-17 17:45:00,42723.5,42665,42724,42580,8592847
2022-01-17 18:00:00,42665,42544.5,42684.5,42350,35021299
2022-01-17 18:15:00,42544.5,42618.5,42624,42517,12741647
2022-01-17 18:30:00,42618.5,42618,42633,42512,9591717
2022-01-17 18:45:00,42618,42483,42630,42414,12134665
2022-01-17 19:00:00,42483,42217.5,42535,42158,40476572
2022-01-17 19:15:00,42217.5,42354.5,42461.5,42156,34729642
2022-01-17 19:30:00,42354.5,42320,42386.5,42200,18760421
2022-01-17 19:45:00,42320,42230,42320,42165,18740803
2022-01-17 20:00:00,42230,42084.5,42239.5,42056,25821962
2022-01-17 20:15:00,42084.5,42049.5,42195.5,42018.5,17695972
2022-01-17 20:30:00,42049.5,42198,42198,41933,20400590
2022-01-17 20:45:00,42198,42112.5,42227.5,42061.5,10852275
2022-01-17 21:00:00,42112.5,42036,42115,41959,14060614
2022-01-17 21:15:00,42036,42001.5,42043,41821,34215514
2022-01-17 21:30:00,42001.5,42074.5,42075,41997,18989282
2022-01-17 21:45:00,42074.5,42166.5,42166.5,42058.5,12767537
2022-01-17 22:00:00,42166.5,42232,42232,42129.5,15225018
2022-01-17 22:15:00,42232,42163.5,42232,42126.5,6427822
2022-01-17 22:30:00,42163.5,42246.5,42254,42163,4862967
2022-01-17 22:45:00,42246.5,42241,42289,42222.5,5950468
2022-01-17 23:00:00,42241,42216,42279.5,42216,5682745
2022-01-17 23:15:00,42216,42210.5,42250,42210,4889098
2022-01-17 23:30:00,42210.5,42100,42210.5,42024.5,16078304
2022-01-17 23:45:00,42100,42079.5,42137.5,42064.5,3776745
2022-01-18 00:00:00,42079.5,42059.5,42108.5,42037,8096110
2022-01-18 00:15:00,42059.5,41792.5,42059.5,41679,30260348
2022-01-18 00:30:00,41792.5,41645,41838.5,41610.5,27984427
2022-01-18 00:45:00,41645,41740,41774.5,41625,16696563
2022-01-18 01:00:00,41740,41659.5,41740,41650,10368877
2022-01-18 01:15:00,41659.5,41790,41790,41570,19670547
2022-01-18 01:30:00,41790,42280.5,42392.5,41789.5,56015198
2022-01-18 01:45:00,42280.5,42085,42280.5,42041,14985043
2022-01-18 02:00:00,42085,42201.5,42226.5,42078,9167228
2022-01-18 02:15:00,42201.5,42149.5,42219.5,42091.5,4660743
2022-01-18 02:30:00,42149.5,42175,42190,42128.5,4874787
2022-01-18 02:45:00,42175,42198.5,42222,42158,3524477
2022-01-18 03:00:00,42198.5,42264,42291,42140,13388657
2022-01-18 03:15:00,42264,42268.5,42387,42256,6848294
2022-01-18 03:30:00,42268.5,42274.5,42324,42232.5,4838608
2022-01-18 03:45:00,42274.5,42358.5,42400,42274.5,3956688
2022-01-18 04:00:00,42358.5,42401.5,42404.5,42315,5552547
2022-01-18 04:15:00,42401.5,42320.5,42401.5,42288,12069171
2022-01-18 04:30:00,42320.5,42251,42321,42240,3703041
2022-01-18 04:45:00,42251,42245,42251.5,42174,6689515
2022-01-18 05:00:00,42245,42218,42245,42218,2116392
2022-01-18 05:15:00,42218,42175.5,42218.5,42162.5,4527857
2022-01-18 05:30:00,42175.5,42250,42250,42175,4371733
2022-01-18 05:45:00,42250,42251,42275.5,42187,5608353
2022-01-18 06:00:00,42251,42236,42266,42236,3040124
2022-01-18 06:15:00,42236,42185.5,42236.5,42165,10937859
2022-01-18 06:30:00,42185.5,42034,42200,42017.5,15649038
2022-01-18 06:45:00,42034,42036.5,42060,41976,13342826
2022-01-18 07:00:00,42036.5,42011.5,42059.5,42000,7307923
2022-01-18 07:15:00,42011.5,41981,42045,41863.5,13014949
2022-01-18 07:30:00,41981,42061,42061,41924.5,9205267
2022-01-18 07:45:00,42061,42053,42079,42032,3713895
2022-01-18 08:00:00,42053,42174.5,42174.5,42020,18063144
2022-01-18 08:15:00,42174.5,42137,42174.5,42114,3948674
2022-01-18 08:30:00,42137,42116.5,42165,42116.5,3194295
2022-01-18 08:45:00,42116.5,42120,42164.5,42116.5,3172375
2022-01-18 09:00:00,42120,42225.5,42229,42120,5198612
2022-01-18 09:15:00,42225.5,42265,42265,42201,5295829
2022-01-18 09:30:00,42265,42246,42265,42235.5,5789850
2022-01-18 09:45:00,42246,42249.5,42316.5,42245.5,6063356
2022-01-18 10:00:00,42249.5,42135,42250,42135,16198302
2022-01-18 10:15:00,42135,42028.5,42155,41955,19937212
2022-01-18 10:30:00,42028.5,41990.5,42049,41967,16980367
2022-01-18 10:45:00,41990.5,42050,42050,41990,4193904
2022-01-18 11:00:00,42050,41859.5,42050,41751,34180188
2022-01-18 11:15:00,41859.5,41751,41945,41748.5,16059262
2022-01-18 11:30:00,41751,41825,41825,41705.5,11590012
2022-01-18 11:45:00,41825,41701.5,41830,41628,23427409
2022-01-18 12:00:00,41701.5,41649,41744,41645,14508947
2022-01-18 12:15:00,41649,41797,41814.5,41449.5,57558197
2022-01-18 12:30:00,41797,41885.5,41909,41758.5,40345749
2022-01-18 12:45:00,41885.5,41904.5,41979,41856.5,14464172
2022-01-18 13:00:00,41904.5,41980.5,41981.5,41856,13497815
2022-01-18 13:15:00,41980.5,41956,41997,41911.5,10125421
2022-01-18 13:30:00,41956,42043,42049,41955.5,11818668
2022-01-18 13:45:00,42043,41937,42043.5,41937,7727059
2022-01-18 14:00:00,41937,41879,41937.5,41832.5,23990368
2022-01-18 14:15:00,41879,41818.5,41898,41765,12273590
2022-01-18 14:30:00,41818.5,41731,41835,41707,18213771
2022-01-18 14:45:00,41731,41872,41892.5,41731,11856844
2022-01-18 15:00:00,41872,41768.5,41920.5,41767.5,12315264
2022-01-18 15:15:00,41768.5,41758,41768.5,41677.5,11258514
2022-01-18 15:30:00,41758,41690.5,41793.5,41690,5246989
2022-01-18 15:45:00,41690.5,41801,41804,41631.5,9984576
2022-01-18 16:00:00,41801,41660.5,41830,41650,11001142
2022-01-18 16:15:00,41660.5,41435,41660.5,41415,36175985
2022-01-18 16:30:00,41435,41485,41608,41434,13397314
2022-01-18 16:45:00,41485,41640,41679,41475,32529623
2022-01-18 17:00:00,41640,41554.5,41684,41554.5,15933338
2022-01-18 17:15:00,41554.5,41515,41593.5,41359.5,24252623
2022-01-18 17:30:00,41515,41610,41673,41309.5,38354955
2022-01-18 17:45:00,41610,41460,41640,41350,21970907
2022-01-18 18:00:00,41460,41588,41729,41351,32769924
2022-01-18 18:15:00,41588,41794.5,41795.5,41542.5,24956276
2022-01-18 18:30:00,41794.5,41767,41856.5,41655,16836354
2022-01-18 18:45:00,41767,41602.5,41789,41573,10382948
2022-01-18 19:00:00,41602.5,41522.5,41668,41515,15340358
2022-01-18 19:15:00,41522.5,41560.5,41637,41522,5465267
2022-01-18 19:30:00,41560.5,41698.5,41698.5,41403,20748796
2022-01-18 19:45:00,41698.5,41700,41754,41684.5,9812141
2022-01-18 20:00:00,41700,41617,41717.5,41517,16692988
2022-01-18 20:15:00,41617,41588,41722,41583.5,10984997
2022-01-18 20:30:00,41588,41608,41608,41500,6771518
2022-01-18 20:45:00,41608,41499.5,41608,41482,5585912
2022-01-18 21:00:00,41499.5,41511.5,41529,41406,8682095
2022-01-18 21:15:00,41511.5,41437.5,41538,41412.5,6853195
2022-01-18 21:30:00,41437.5,41539.5,41539.5,41400,10550933
2022-01-18 21:45:00,41539.5,41596,41642,41501.5,7721536
2022-01-18 22:00:00,41596,41618.5,41659,41591,5438885
2022-01-18 22:15:00,41618.5,41631,41678.5,41618.5,4951982
2022-01-18 22:30:00,41631,41685,41738.5,41630.5,4854038
2022-01-18 22:45:00,41685,41713,41784.5,41671.5,9823440
2022-01-18 23:00:00,41713,41691.5,41735.5,41648,9238600
2022-01-18 23:15:00,41691.5,41608.5,41691.5,41509,9761698
2022-01-18 23:30:00,41608.5,41528,41610,41527.5,3721983
2022-01-18 23:45:00,41528,41781.5,41781.5,41525,16925082
2022-01-19 00:00:00,41781.5,41950,41987.5,41741.5,25892044
2022-01-19 00:15:00,41950,42283.5,42284,41949.5,40562443
2022-01-19 00:30:00,42283.5,42390,42420,42283.5,41320803
2022-01-19 00:45:00,42390,42371.5,42473,42333.5,14654675
2022-01-19 01:00:00,42371.5,42330.5,42374.5,42280.5,27984568
2022-01-19 01:15:00,42330.5,42374,42375.5,42287.5,8001715
2022-01-19 01:30:00,42374,42496,42655,42349,23230333
2022-01-19 01:45:00,42496,42479.5,42571,42441.5,11320923
2022-08-05 00:00:00,22499.5,22496,22554,22488.5,2187423
2022-08-05 00:15:00,22496,22520,22524,22483,1757341
2022-08-05 00:30:00,22520,22524,22524.5,22488.5,926834
2022-08-05 00:45:00,22524,22486,22532,22480.5,1403087
2022-08-05 01:00:00,22486,22475,22524,22445.5,2923316
2022-08-05 01:15:00,22475,22541.5,22567.5,22474.5,5645727
2022-08-05 01:30:00,22541.5,22588,22604.5,22541.5,3961807
2022-08-05 01:45:00,22588,22612,22625,22579.5,4696714
2022-08-05 02:00:00,22612,22626,22658,22598.5,6402351
2022-08-05 02:15:00,22626,22606,22639.5,22586.5,4386591
2022-08-05 02:30:00,22606,22630.5,22653,22562,2439085
2022-08-05 02:45:00,22630.5,22611,22653.5,22593.5,2241668
2022-08-05 03:00:00,22611,22640.5,22677,22580,8645542
2022-08-05 03:15:00,22640.5,22633,22662,22615,1842890
2022-08-05 03:30:00,22633,22639,22665,22627.5,1575953
2022-08-05 03:45:00,22639,22626,22665,22609,2033393
2022-08-05 04:00:00,22626,22658.5,22700,22626,2735383
2022-08-05 04:15:00,22658.5,22658.5,22673,22634.5,1599853
2022-08-05 04:30:00,22658.5,22750.5,22775,22652.5,10894363
2022-08-05 04:45:00,22750.5,22882,22901,22734.5,24690833
2022-08-05 05:00:00,22882,22883,22952.5,22856.5,11801222
2022-08-05 05:15:00,22883,22966,22966,22883,4289744
2022-08-05 05:30:00,22966,23057.5,23100,22965.5,23435788
2022-08-05 05:45:00,23057.5,23039,23108,23022,6564140
2022-08-05 06:00:00,23039,23044,23093,23039,3780735
2022-08-05 06:15:00,23044,23168.5,23200,23040,11948734
2022-08-05 06:30:00,23168.5,23139.5,23182.5,23116,7852718
2022-08-05 06:45:00,23139.5,23164,23191,23127,4320354
2022-08-05 07:00:00,23164,23194.5,23239,23135,10556451
2022-08-05 07:15:00,23194.5,23170.5,23205,23137,4367348
2022-08-05 07:30:00,23170.5,23119.5,23171,23119.5,3771016
2022-08-05 07:45:00,23119.5,23150.5,23156,23095,3327184
2022-08-05 08:00:00,23150.5,23085.5,23156.5,23065.5,5350367
2022-08-05 08:15:00,23085.5,23063,23093.5,23061.5,4947605
2022-08-05 08:30:00,23063,23087.5,23088,23063,2220293
2022-08-05 08:45:00,23087.5,23186,23220,23087.5,10681991
2022-08-05 09:00:00,23186,23271.5,23439,23184,31750882
2022-08-05 09:15:00,23271.5,23238.5,23312.5,23237.5,5970219
2022-08-05 09:30:00,23238.5,23238,23255,23231,3445025
2022-08-05 09:45:00,23238,23274,23276,23230,3336959
2022-08-05 10:00:00,23274,23196,23284,23172.5,6236066
2022-08-05 10:15:00,23196,23190.5,23210,23152,4561485
2022-08-05 10:30:00,23190.5,23195.5,23202.5,23175.5,1928705
2022-08-05 10:45:00,23195.5,23177.5,23195.5,23153,1939330
2022-08-05 11:00:00,23177.5,23235,23249,23177,4542216
2022-08-05 11:15:00,23235,23119,23246,23109,8445144
2022-08-05 11:30:00,23119,23115.5,23139,23110.5,2844916
2022-08-05 11:45:00,23115.5,23138.5,23140.5,23088,2584629
2022-08-05 12:00:00,23138.5,23138,23149.5,23118,3089038
2022-08-05 12:15:00,23138,23138,23194,23119,5114590
2022-08-05 12:30:00,23138,23157,23168,23133.5,1849782
2022-08-05 12:45:00,23157,23123,23157,23121.5,1494118
2022-08-05 13:00:00,23123,23124.5,23150,23100,2817517
2022-08-05 13:15:00,23124.5,23180,23198,23118.5,3457417
2022-08-05 13:30:00,23180,23207,23220,23168,3482670
2022-08-05 13:45:00,23207,23185.5,23240,23146.5,5655116
2022-08-05 14:00:00,23185.5,23183.5,23200,23142.5,2749975
2022-08-05 14:15:00,23183.5,23277,23300,23138.5,12336389
2022-08-05 14:30:00,23277,23370.5,23409.5,23250,17826814
2022-08-05 14:45:00,23370.5,23399.5,23454.5,23336.5,16319120
2022-08-05 15:00:00,23399.5,23384.5,23489.5,23361,19164430
2022-08-05 15:15:00,23384.5,23400.5,23410.5,23337,7694353
2022-08-05 15:30:00,23400.5,23069,23400.5,23051,63920914
2022-08-05 15:45:00,23069,23006,23069,22901.5,36571794
2022-08-05 16:00:00,23006,22931,23072.5,22847.5,24338955
2022-08-05 16:15:00,22931,22993,22999,22929,5206818
2022-08-05 16:30:00,22993,23039,23090,22967,11199754
2022-08-05 16:45:00,23039,23046.5,23050,22984,4924815
2022-08-05 17:00:00,23046.5,23275,23299,23015,24439360
2022-08-05 17:15:00,23275,23232.5,23349,23175,19453272
2022-08-05 17:30:00,23232.5,23197.5,23247,23170,10445006
2022-08-05 17:45:00,23197.5,23168,23305,23162.5,11748831
2022-08-05 18:00:00,23168,23072.5,23191.5,23072.5,10741653
2022-08-05 18:15:00,23072.5,22962,23131,22955.5,14725710
2022-08-05 18:30:00,22962,22997,23041.5,22942,8475316
2022-08-05 18:45:00,22997,22980,23042,22973,5154599
2022-08-05 19:00:00,22980,22981,23029.5,22935,6127282
2022-08-05 19:15:00,22981,22983,23065.5,22959.5,8807336
2022-08-05 19:30:00,22983,22994.5,23002.5,22897,11291159
2022-08-05 19:45:00,22994.5,23029,23030,22970,6441884
2022-08-05 20:00:00,23029,23045,23096.5,22986.5,7594552
2022-08-05 20:15:00,23045,22972,23060.5,22961,2707862
2022-08-05 20:30:00,22972,22958.5,23028.5,22948,2736903
2022-08-05 20:45:00,22958.5,22818.5,22976.5,22777,31655227
2022-08-05 21:00:00,22818.5,22818.5,22873,22792.5,7539112
2022-08-05 21:15:00,22818.5,22781.5,22864.5,22756,5718278
2022-08-05 21:30:00,22781.5,22837,22843.5,22777,2781051
2022-08-05 21:45:00,22837,22791,22837,22738,4736491
2022-08-05 22:00:00,22791,22869.5,22891,22765.5,6201743
2022-08-05 22:15:00,22869.5,22865,22918.5,22838.5,5690119
2022-08-05 22:30:00,22865,22895.5,22926,22857,2906248
2022-08-05 22:45:00,22895.5,22926,22945,22895,3707686
2022-08-05 23:00:00,22926,22886.5,22926,22833,4282974
2022-08-05 23:15:00,22886.5,22912.5,22954,22886.5,2264932
2022-08-05 23:30:00,22912.5,22935.5,22940,22901,1517407
2022-08-05 23:45:00,22935.5,22973.5,22991,22933.5,5023977
2022-08-06 00:00:00,22973.5,23151.5,23181,22973.5,16096408
2022-08-06 00:15:00,23151.5,23177.5,23222.5,23065,17831617
2022-08-06 00:30:00,23177.5,23093,23177.5,23082,4239989
2022-08-06 00:45:00,23093,23099.5,23151,23093,1887099
2022-08-06 01:00:00,23099.5,23166.5,23182.5,23099.5,2779045
2022-08-06 01:15:00,23166.5,23147.5,23200,23135.5,2867556
2022-08-06 01:30:00,23147.5,23202.5,23223.5,23146,3053158
2022-08-06 01:45:00,23202.5,23235,23272.5,23170.5,6399320
2022-08-06 02:00:00,23235,23247,23272.5,23180.5,4228059
2022-08-06 02:15:00,23247,23222,23247.5,23200,3640481
2022-08-06 02:30:00,23222,23238.5,23269,23205,2596299
2022-08-06 02:45:00,23238.5,23302.5,23323,23150,12739870
2022-08-06 03:00:00,23302.5,23220.5,23340.5,23201.5,20139742
2022-08-06 03:15:00,23220.5,23238,23273,23191.5,3381331
2022-08-06 03:30:00,23238,23300.5,23320,23238,6943088
2022-08-06 03:45:00,23300.5,23256,23344,23230.5,6166552
2022-08-06 04:00:00,23256,23265,23283,23238.5,2647022
2022-08-06 04:15:00,23265,23230.5,23280,23207.5,2316071
2022-08-06 04:30:00,23230.5,23216.5,23236,23205,2882977
2022-08-06 04:45:00,23216.5,23212,23271,23181,6222618
2022-08-06 05:00:00,23212,23230,23230,23188,1658416
2022-08-06 05:15:00,23230,23214.5,23248,23192,3204485
2022-08-06 05:30:00,23214.5,23215.5,23221,23185.5,2682756
2022-08-06 05:45:00,23215.5,23266.5,23277,23215.5,1672782
2022-08-06 06:00:00,23266.5,23206,23276.5,23202.5,3230968
2022-08-06 06:15:00,23206,23169.5,23206.5,23146.5,4400305
2022-08-06 06:30:00,23169.5,23188.5,23204.5,23159.5,1794035
2022-08-06 06:45:00,23188.5,23163.5,23191,23153,1151005
2022-08-06 07:00:00,23163.5,23172.5,23172.5,23155,1425707
2022-08-06 07:15:00,23172.5,23189.5,23205,23162,2529770
2022-08-06 07:30:00,23189.5,23196.5,23208,23177.5,2160691
2022-08-06 07:45:00,23196.5,23212.5,23219,23187,1222447
2022-08-06 08:00:00,23212.5,23185.5,23227,23175.5,2042336
2022-08-06 08:15:00,23185.5,23146,23191,23135,3702860
2022-08-06 08:30:00,23146,23168,23168,23144,1008177
2022-08-06 08:45:00,23168,23194.5,23201,23160.5,1850673
2022-08-06 09:00:00,23194.5,23187,23200,23176.5,1038767
2022-08-06 09:15:00,23187,23169,23197,23155.5,607685
2022-08-06 09:30:00,23169,23142,23185,23137,1992397
2022-08-06 09:45:00,23142,23185,23185.5,23141.5,1181151
2022-08-06 10:00:00,23185,23165.5,23195,23165.5,1002210
2022-08-06 10:15:00,23165.5,23176.5,23195,23165.5,701557
2022-08-06 10:30:00,23176.5,23178.5,23192,23175.5,627162
2022-08-06 10:45:00,23178.5,23191,23224.5,23178.5,2471594
2022-08-06 11:00:00,23191,23218,23228.5,23176.5,7406347
2022-08-06 11:15:00,23218,23202,23245.5,23194,1978779
2022-08-06 11:30:00,23202,23155,23202,23100,8756995
2022-08-06 11:45:00,23155,23140.5,23191,23129.5,2696383
2022-08-06 12:00:00,23140.5,23143.5,23158,23128,1068759
2022-08-06 12:15:00,23143.5,23157.5,23172,23143.5,1269038
2022-08-06 12:30:00,23157.5,23180,23180,23140.5,1380984
2022-08-06 12:45:00,23180,23169.5,23180,23154,1322628
2022-08-06 13:00:00,23169.5,23188,23191,23169,2441061
2022-08-06 13:15:00,23188,23193.5,23198.5,23169.5,1118150
2022-08-06 13:30:00,23193.5,23196.5,23205,23181.5,1424628
2022-08-06 13:45:00,23196.5,23169.5,23196.5,23169,620425
2022-08-06 14:00:00,23169.5,23183,23191,23169,461063
2022-08-06 14:15:00,23183,23165,23189,23163,1180092
2022-08-06 14:30:00,23165,23177,23180,23153.5,1220359
2022-08-06 14:45:00,23177,23151,23180,23150,1718821
2022-08-06 15:00:00,23151,23177,23183,23151,1957328
2022-08-06 15:15:00,23177,23187.5,23187.5,23157,1902365
2022-08-06 15:30:00,23187.5,23167,23193,23167,1179026
2022-08-06 15:45:00,23167,23164.5,23180,23164,1396814
2022-08-06 16:00:00,23164.5,23214.5,23221,23164,4216285
2022-08-06 16:15:00,23214.5,23190,23220,23190,1462387
2022-08-06 16:30:00,23190,23196.5,23197,23180,1122594
2022-08-06 16:45:00,23196.5,23180,23197.5,23175.5,968798
2022-08-06 17:00:00,23180,23208.5,23208.5,23173,2279452
2022-08-06 17:15:00,23208.5,23200,23218.5,23193,2860000
2022-08-06 17:30:00,23200,23197,23200.5,23187.5,2192781
2022-08-06 17:45:00,23197,23215.5,23221.5,23191.5,1659213
2022-08-06 18:00:00,23215.5,23211.5,23222,23194.5,2036646
2022-08-06 18:15:00,23211.5,23189,23211.5,23180,780514
2022-08-06 18:30:00,23189,23192.5,23193,23166,1495832
2022-08-06 18:45:00,23192.5,23202.5,23204.5,23183,964024
2022-08-06 19:00:00,23202.5,23181,23211.5,23180,1125525
2022-08-06 19:15:00,23181,23203,23209,23181,787435
2022-08-06 19:30:00,23203,23200,23207.5,23193.5,857856
2022-08-06 19:45:00,23200,23145.5,23200,23132,2775743
2022-08-06 20:00:00,23145.5,23071.5,23145.5,22961,25035594
2022-08-06 20:15:00,23071.5,23197,23224.5,23046,10942220
2022-08-06 20:30:00,23197,23165.5,23249,23153,8493012
2022-08-06 20:45:00,23165.5,23126,23198,23086,3659266
2022-08-06 21:00:00,23126,23125.5,23134,23078.5,3186903
2022-08-06 21:15:00,23125.5,23132,23156.5,23104.5,2668448
2022-08-06 21:30:00,23132,23189.5,23199,23132,2442188
2022-08-06 21:45:00,23189.5,23185,23212,23166.5,1576191
2022-08-06 22:00:00,23185,23192,23201.5,23173,1073824
2022-08-06 22:15:00,23192,23177,23200,23144,2602366
2022-08-06 22:30:00,23177,23185.5,23191,23163,875468
2022-08-06 22:45:00,23185.5,23185.5,23196,23172,1048736
2022-08-06 23:00:00,23185.5,23151.5,23196.5,23149,1774453
2022-08-06 23:15:00,23151.5,23118.5,23152,23101,3697983
2022-08-06 23:30:00,23118.5,23132.5,23158.5,23105,2610620
2022-08-06 23:45:00,23132.5,23164.5,23165,23120,1903005
2022-08-07 00:00:00,23164.5,23192.5,23199.5,23164,3896555
2022-08-07 00:15:00,23192.5,23174,23197.5,23164,1234758
2022-08-07 00:30:00,23174,23175,23177.5,23168.5,410026
2022-08-07 00:45:00,23175,23178,23199.5,23175,1003029
2022-08-07 01:00:00,23178,23161.5,23213,23150,2133295
2022-08-07 01:15:00,23161.5,23152,23166,23142.5,1503385
2022-08-07 01:30:00,23152,23169,23174.5,23140.5,1262787
2022-08-07 01:45:00,23169,23164,23184.5,23153,824901
2023-02-21 00:00:00,24831.5,24819.5,24836.5,24794.5,2407695
2023-02-21 00:15:00,24819.5,24819,24828,24795.5,2446162
2023-02-21 00:30:00,24819,24855.5,24855.5,24767.5,3475771
2023-02-21 00:45:00,24855.5,24799,24856.5,24798.5,1839413
2023-02-21 01:00:00,24799,24806.5,24821,24776,5801993
2023-02-21 01:15:00,24806.5,24713.5,24807,24678.5,15125131
2023-02-21 01:30:00,24713.5,24732,24768,24700.5,3587943
2023-02-21 01:45:00,24732,24727.5,24790.5,24717.5,3458403
2023-02-21 02:00:00,24727.5,24845.5,24845.5,24726,4380627
2023-02-21 02:15:00,24845.5,24814,24845.5,24782.5,4914683
2023-02-21 02:30:00,24814,24796,24824,24785,2493899
2023-02-21 02:45:00,24796,24868.5,24872.5,24795.5,3598081
2023-02-21 03:00:00,24868.5,24842.5,24872.5,24798,8628168
2023-02-21 03:15:00,24842.5,24832,24842.5,24802.5,1790974
2023-02-21 03:30:00,24832,24931,24968,24831.5,14544468
2023-02-21 03:45:00,24931,24874.5,24931.5,24874,3405700
2023-02-21 04:00:00,24874.5,24867.5,24890,24843,2493734
2023-02-21 04:15:00,24867.5,24833,24902.5,24819.5,3550278
2023-02-21 04:30:00,24833,24884,24889.5,24820.5,1099212
2023-02-21 04:45:00,24884,24879,24941,24871.5,2606843
2023-02-21 05:00:00,24879,24903.5,24917.5,24873,1735901
2023-02-21 05:15:00,24903.5,24945,24956.5,24893,4043818
2023-02-21 05:30:00,24945,25097,25124,24941.5,28189510
2023-02-21 05:45:00,25097,24931,25097.5,24906.5,13936524
2023-02-21 06:00:00,24931,24965.5,24992.5,24865,8797967
2023-02-21 06:15:00,24965.5,24993,25020,24929,6631037
2023-02-21 06:30:00,24993,24944,25033.5,24937.5,3562072
2023-02-21 06:45:00,24944,24944.5,24964,24930,4942897
2023-02-21 07:00:00,24944.5,24927.5,24963.5,24913,1863514
2023-02-21 07:15:00,24927.5,24940.5,24941.5,24892,2202263
2023-02-21 07:30:00,24940.5,24891.5,24941,24869,7007524
2023-02-21 07:45:00,24891.5,24921,24942.5,24885,4315283
2023-02-21 08:00:00,24921,24894.5,24926,24887.5,3625552
2023-02-21 08:15:00,24894.5,24916,24922.5,24894.5,914580
2023-02-21 08:30:00,24916,24923,24956,24916,1899821
2023-02-21 08:45:00,24923,24962,24975.5,24923,4260033
2023-02-21 09:00:00,24962,24994,25011.5,24950,5174919
2023-02-21 09:15:00,24994,24959,24994.5,24952.5,2164189
2023-02-21 09:30:00,24959,24990.5,24992.5,24942,1800084
2023-02-21 09:45:00,24990.5,25047,25070,24981,11051144
2023-02-21 10:00:00,25047,25034,25050,24960,7387921
2023-02-21 10:15:00,25034,25011,25034,25001,2594221
2023-02-21 10:30:00,25011,25000,25024,24982,2633660
2023-02-21 10:45:00,25000,25010.5,25060,24998,4367638
2023-02-21 11:00:00,25010.5,25054.5,25090,24993,8349113
2023-02-21 11:15:00,25054.5,25070.5,25351,25031.5,60793078
2023-02-21 11:30:00,25070.5,24809,25105.5,24773.5,76329354
2023-02-21 11:45:00,24809,24699.5,24810,24620,56363614
2023-02-21 12:00:00,24699.5,24675,24777,24550,35765492
2023-02-21 12:15:00,24675,24736.5,24760,24663.5,6832993
2023-02-21 12:30:00,24736.5,24814.5,24856,24728,19419897
2023-02-21 12:45:00,24814.5,24823,24845,24777.5,4608077
2023-02-21 13:00:00,24823,24753,24823,24752.5,3183158
2023-02-21 13:15:00,24753,24783,24793,24718,3861110
2023-02-21 13:30:00,24783,24736.5,24789.5,24703.5,4716710
2023-02-21 13:45:00,24736.5,24714.5,24760,24690,4638180
2023-02-21 14:00:00,24714.5,24675,24736.5,24666,4187422
2023-02-21 14:15:00,24675,24763.5,24773.5,24672,7938821
2023-02-21 14:30:00,24763.5,24701.5,24773.5,24678,8841711
2023-02-21 14:45:00,24701.5,24586,24714.5,24577.5,12592058
2023-02-21 15:00:00,24586,24627,24650.5,24468,25162407
2023-02-21 15:15:00,24627,24614,24629.5,24537.5,6959142
2023-02-21 15:30:00,24614,24615.5,24677.5,24598,8464531
2023-02-21 15:45:00,24615.5,24645,24661.5,24615,1905499
2023-02-21 16:00:00,24645,24669,24671.5,24633,4223054
2023-02-21 16:15:00,24669,24655,24701.5,24622,3778706
2023-02-21 16:30:00,24655,24633.5,24710,24630,4425666
2023-02-21 16:45:00,24633.5,24578,24660,24521,11615655
2023-02-21 17:00:00,24578,24622,24630,24562,4285466
2023-02-21 17:15:00,24622,24652.5,24674,24615.5,8322289
2023-02-21 17:30:00,24652.5,24758.5,24799,24614,20865781
2023-02-21 17:45:00,24758.5,24698,24758.5,24661.5,9257469
2023-02-21 18:00:00,24698,24610.5,24732,24585,9365029
2023-02-21 18:15:00,24610.5,24523,24610.5,24355,59814290
2023-02-21 18:30:00,24523,24601,24638,24490.5,10668045
2023-02-21 18:45:00,24601,24572.5,24650,24553.5,12800679
2023-02-21 19:00:00,24572.5,24468.5,24601,24391.5,20463429
2023-02-21 19:15:00,24468.5,24388,24483.5,24300.5,39548659
2023-02-21 19:30:00,24388,24423,24457,24284,19666405
2023-02-21 19:45:00,24423,24413.5,24470.5,24380,16355102
2023-02-21 20:00:00,24413.5,24393,24459,24391,7840739
2023-02-21 20:15:00,24393,24412.5,24450,24383,5113067
2023-02-21 20:30:00,24412.5,24494,24519,24411,16373539
2023-02-21 20:45:00,24494,24681.5,24684.5,24491,20149191
2023-02-21 21:00:00,24681.5,24683.5,24779,24605.5,38795005
2023-02-21 21:15:00,24683.5,24655,24706.5,24638,9256704
2023-02-21 21:30:00,24655,24614.5,24671,24565,15052646
2023-02-21 21:45:00,24614.5,24701.5,24754,24607.5,21678038
2023-02-21 22:00:00,24701.5,24670,24701.5,24640,9427369
2023-02-21 22:15:00,24670,24659,24670,24578.5,11412339
2023-02-21 22:30:00,24659,24631,24722,24576.5,10188333
2023-02-21 22:45:00,24631,24620.5,24648,24604,2719875
2023-02-21 23:00:00,24620.5,24580.5,24657.5,24573,5077907
2023-02-21 23:15:00,24580.5,24474.5,24607,24464,15382899
2023-02-21 23:30:00,24474.5,24493.5,24541.5,24440.5,8371134
2023-02-21 23:45:00,24493.5,24480.5,24506.5,24457,5823273
2023-02-22 00:00:00,24480.5,24392.5,24550.5,24335,32165331
2023-02-22 00:15:00,24392.5,24240,24408,24130.5,65267185
2023-02-22 00:30:00,24240,24287.5,24350,24226,14312442
2023-02-22 00:45:00,24287.5,24209.5,24302,24170.5,15122260
2023-02-22 01:00:00,24209.5,24267,24338,24168,11629358
2023-02-22 01:15:00,24267,24305.5,24334.5,24251.5,5785397
2023-02-22 01:30:00,24305.5,24363.5,24380.5,24294.5,5771122
2023-02-22 01:45:00,24363.5,24399.5,24439,24346.5,12335144
2023-02-22 02:00:00,24399.5,24407.5,24424.5,24366.5,2486196
2023-02-22 02:15:00,24407.5,24367.5,24410,24352.5,4220488
2023-02-22 02:30:00,24367.5,24386.5,24409.5,24367.5,2976435
2023-02-22 02:45:00,24386.5,24469.5,24479,24382.5,5591447
2023-02-22 03:00:00,24469.5,24453.5,24487.5,24434,4121617
2023-02-22 03:15:00,24453.5,24433.5,24479.5,24415.5,4167754
2023-02-22 03:30:00,24433.5,24371.5,24436,24371.5,3274895
2023-02-22 03:45:00,24371.5,24430.5,24430.5,24283,8138592
2023-02-22 04:00:00,24430.5,24385,24452,24370.5,4226239
2023-02-22 04:15:00,24385,24380.5,24435,24358.5,3257999
2023-02-22 04:30:00,24380.5,24338.5,24405.5,24279.5,5523326
2023-02-22 04:45:00,24338.5,24187.5,24340,24083.5,43008040
2023-02-22 05:00:00,24187.5,24065.5,24188.5,23950.5,50183582
2023-02-22 05:15:00,24065.5,24039.5,24145.5,24013.5,29257349
2023-02-22 05:30:00,24039.5,24157,24167,23853,58600796
2023-02-22 05:45:00,24157,24180,24207,24133.5,8532214
2023-02-22 06:00:00,24180,24222,24280.5,24134.5,9169121
2023-02-22 06:15:00,24222,24227,24239.5,24175,3775578
2023-02-22 06:30:00,24227,24162,24228.5,24157,2615010
2023-02-22 06:45:00,24162,24206.5,24258.5,24162,4379958
2023-02-22 07:00:00,24206.5,24214.5,24221,24176.5,3692280
2023-02-22 07:15:00,24214.5,24159,24228,24156,2576977
2023-02-22 07:30:00,24159,24104,24165.5,24041,16523231
2023-02-22 07:45:00,24104,24175,24184,24041,7087218
2023-02-22 08:00:00,24175,24116,24187.5,24084.5,6182471
2023-02-22 08:15:00,24116,24030.5,24131,24005.5,7954451
2023-02-22 08:30:00,24030.5,24049.5,24100,24022,6101996
2023-02-22 08:45:00,24049.5,24105.5,24121,24039.5,2731409
2023-02-22 09:00:00,24105.5,24091.5,24127.5,24083.5,3873083
2023-02-22 09:15:00,24091.5,24045.5,24097,24028.5,5160574
2023-02-22 09:30:00,24045.5,23990.5,24051,23960,8971723
2023-02-22 09:45:00,23990.5,23949.5,24049,23925,8936980
2023-02-22 10:00:00,23949.5,24010,24024.5,23935.5,7800221
2023-02-22 10:15:00,24010,23993.5,24095,23989,4333609
2023-02-22 10:30:00,23993.5,24033.5,24056,23980,11512425
2023-02-22 10:45:00,24033.5,24063,24109,24027,5952472
2023-02-22 11:00:00,24063,24003.5,24069.5,23991.5,6349352
2023-02-22 11:15:00,24003.5,23991.5,24036.5,23952.5,11470453
2023-02-22 11:30:00,23991.5,23872,23997,23860.5,14887039
2023-02-22 11:45:00,23872,23969,23976.5,23862,10425914
2023-02-22 12:00:00,23969,23998,24003.5,23949.5,3685215
2023-02-22 12:15:00,23998,24093.5,24102,23981,6060795
2023-02-22 12:30:00,24093.5,24117.5,24122,24018.5,12884153
2023-02-22 12:45:00,24117.5,24117,24180,24105,10955171
2023-02-22 13:00:00,24117,24102.5,24155,24102.5,6583968
2023-02-22 13:15:00,24102.5,24113.5,24156.5,24096.5,4401833
2023-02-22 13:30:00,24113.5,24177,24210,24104.5,5477274
2023-02-22 13:45:00,24177,24197,24211,24168.5,3257259
2023-02-22 14:00:00,24197,24169,24216.5,24168.5,3925349
2023-02-22 14:15:00,24169,24110,24229.5,24104,6547715
2023-02-22 14:30:00,24110,24147.5,24154,24056,7726239
2023-02-22 14:45:00,24147.5,24180,24185,24101.5,4433861
2023-02-22 15:00:00,24180,24188.5,24206,24158,3118143
2023-02-22 15:15:00,24188.5,24229,24255,24179.5,7282857
2023-02-22 15:30:00,24229,24184.5,24229,24180,2777322
2023-02-22 15:45:00,24184.5,24150,24200,24106.5,4928263
2023-02-22 16:00:00,24150,24031.5,24163.5,23971,18714413
2023-02-22 16:15:00,24031.5,24087.5,24138.5,24004.5,7921075
2023-02-22 16:30:00,24087.5,24131,24139,24050,2896474
2023-02-22 16:45:00,24131,24127,24155,24112,1673904
2023-02-22 17:00:00,24127,24023.5,24128,23996,6656375
2023-02-22 17:15:00,24023.5,23991,24038,23955.5,4871281
2023-02-22 17:30:00,23991,24058,24084,23988,8998574
2023-02-22 17:45:00,24058,23951,24089,23933,10925793
2023-02-22 18:00:00,23951,23831.5,24029,23680,74020044
2023-02-22 18:15:00,23831.5,23756.5,23861,23650,43862100
2023-02-22 18:30:00,23756.5,23752,23788.5,23691,17941313
2023-02-22 18:45:00,23752,23732.5,23799,23714,18706684
2023-02-22 19:00:00,23732.5,23708,23774.5,23704.5,5584710
2023-02-22 19:15:00,23708,23700.5,23755,23627.5,8543075
2023-02-22 19:30:00,23700.5,23714,23725,23648,15935229
2023-02-22 19:45:00,23714,23653,23722.5,23563,19927114
2023-02-22 20:00:00,23653,23614.5,23674,23603.5,9074845
2023-02-22 20:15:00,23614.5,23718.5,23748,23614,6473011
2023-02-22 20:30:00,23718.5,23775,23794,23717,16466628
2023-02-22 20:45:00,23775,23757.5,23781,23720.5,4706030
2023-02-22 21:00:00,23757.5,23786,23822.5,23744.5,10436161
2023-02-22 21:15:00,23786,23843,23843,23786,5377702
2023-02-22 21:30:00,23843,23839.5,23843.5,23800,4537243
2023-02-22 21:45:00,23839.5,23750,23840,23729,11522553
2023-02-22 22:00:00,23750,23844,23983,23667.5,43505966
2023-02-22 22:15:00,23844,23846.5,23930,23742,9317405
2023-02-22 22:30:00,23846.5,23802.5,23846.5,23739.5,8342212
2023-02-22 22:45:00,23802.5,23804,23910,23770.5,4919864
2023-02-22 23:00:00,23804,23824,23858,23783.5,3890911
2023-02-22 23:15:00,23824,23830,23886,23816.5,5078669
2023-02-22 23:30:00,23830,23775,23830,23764,3601754
2023-02-22 23:45:00,23775,23807,23809.5,23744.5,2695882
2023-02-23 00:00:00,23807,23803,23855,23803,2083596
2023-02-23 00:15:00,23803,23834,23834,23803,1116676
2023-02-23 00:30:00,23834,23764.5,23835,23757,2514577
2023-02-23 00:45:00,23764.5,23814.5,23829,23753,1970805
2023-02-23 01:00:00,23814.5,23849,23852,23795,4080930
2023-02-23 01:15:00,23849,23983,23991.5,23849,18756578
2023-02-23 01:30:00,23983,24027.5,24106.5,23940.5,19311472
2023-02-23 01:45:00,24027.5,24116.5,24117,24021,10660893
2023-09-09 00:00:00,25887.5,25870.5,25908,25857.5,2516782
2023-09-09 00:15:00,25870.5,25857.5,25874,25848,418800
2023-09-09 00:30:00,25857.5,25851.5,25887,25851.5,771463
2023-09-09 00:45:00,25851.5,25876,25891,25851.5,548964
2023-09-09 01:00:00,25876,25886,25886,25871.5,419778
2023-09-09 01:15:00,25886,25873.5,25895,25873.5,449241
2023-09-09 01:30:00,25873.5,25895,25895,25873.5,93836
2023-09-09 01:45:00,25895,25887.5,25895,25884,185509
2023-09-09 02:00:00,25887.5,25910,25914,25887,1365923
2023-09-09 02:15:00,25910,25884,25910,25884,344749
2023-09-09 02:30:00,25884,25881.5,25887.5,25878.5,433287
2023-09-09 02:45:00,25881.5,25891.5,25892,25881.5,94658
2023-09-09 03:00:00,25891.5,25879.5,25892,25879.5,290167
2023-09-09 03:15:00,25879.5,25874.5,25880,25873,462030
2023-09-09 03:30:00,25874.5,25861.5,25874.5,25843,2069125
2023-09-09 03:45:00,25861.5,25850,25862,25841.5,1319876
2023-09-09 04:00:00,25850,25871,25871,25850,257785
2023-09-09 04:15:00,25871,25854,25871,25845.5,1069665
2023-09-09 04:30:00,25854,25864,25865.5,25854,99346
2023-09-09 04:45:00,25864,25850,25870,25850,228707
2023-09-09 05:00:00,25850,25852.5,25862,25835.5,810606
2023-09-09 05:15:00,25852.5,25860,25862.5,25841.5,1395840
2023-09-09 05:30:00,25860,25867.5,25868,25860,160910
2023-09-09 05:45:00,25867.5,25869.5,25870,25867.5,238679
2023-09-09 06:00:00,25869.5,25862.5,25870,25862,385939
2023-09-09 06:15:00,25862.5,25856,25862.5,25850,578722
2023-09-09 06:30:00,25856,25855.5,25856,25855.5,33725
2023-09-09 06:45:00,25855.5,25855.5,25856,25855.5,32716
2023-09-09 07:00:00,25855.5,25852,25857,25851.5,465927
2023-09-09 07:15:00,25852,25841.5,25852,25841.5,1187452
2023-09-09 07:30:00,25841.5,25845.5,25846,25841.5,634798
2023-09-09 07:45:00,25845.5,25853,25853.5,25844.5,363485
2023-09-09 08:00:00,25853,25853.5,25868.5,25844,939785
2023-09-09 08:15:00,25853.5,25853,25853.5,25853,52289
2023-09-09 08:30:00,25853,25853,25859,25847.5,480034
2023-09-09 08:45:00,25853,25828,25853,25820,593628
2023-09-09 09:00:00,25828,25848,25848.5,25827.5,578277
2023-09-09 09:15:00,25848,25848,25848.5,25848,107383
2023-09-09 09:30:00,25848,25852.5,25853,25848,223811
2023-09-09 09:45:00,25852.5,25857,25857.5,25852.5,257347
2023-09-09 10:00:00,25857,25864.5,25870,25857,652986
2023-09-09 10:15:00,25864.5,25857.5,25864.5,25857,220188
2023-09-09 10:30:00,25857.5,25857.5,25857.5,25857,111256
2023-09-09 10:45:00,25857.5,25864.5,25870,25852.5,791308
2023-09-09 11:00:00,25864.5,25857,25864.5,25856.5,182959
2023-09-09 11:15:00,25857,25856,25866.5,25855.5,404246
2023-09-09 11:30:00,25856,25858,25858.5,25853.5,347563
2023-09-09 11:45:00,25858,25850.5,25884.5,25850,3475772
2023-09-09 12:00:00,25850.5,25850,25850.5,25850,258155
2023-09-09 12:15:00,25850,25852.5,25853,25850,177213
2023-09-09 12:30:00,25852.5,25878.5,25880,25852.5,1735864
2023-09-09 12:45:00,25878.5,25866.5,25879,25854.5,2844471
2023-09-09 13:00:00,25866.5,25855,25875,25851.5,2144878
2023-09-09 13:15:00,25855,25850.5,25858,25850,220443
2023-09-09 13:30:00,25850.5,25839,25850.5,25839,495539
2023-09-09 13:45:00,25839,25847.5,25848,25839,408478
2023-09-09 14:00:00,25847.5,25840.5,25851,25840,304974
2023-09-09 14:15:00,25840.5,25843.5,25844,25832,535277
2023-09-09 14:30:00,25843.5,25845.5,25853.5,25843.5,487649
2023-09-09 14:45:00,25845.5,25845.5,25852,25845,67402
2023-09-09 15:00:00,25845.5,25842.5,25848.5,25838,313084
2023-09-09 15:15:00,25842.5,25838,25842.5,25838,250245
2023-09-09 15:30:00,25838,25838.5,25838.5,25838,55298
2023-09-09 15:45:00,25838.5,25838.5,25838.5,25838,60835
2023-09-09 16:00:00,25838.5,25850,25850,25838,335088
2023-09-09 16:15:00,25850,25829.5,25850,25819,1011682
2023-09-09 16:30:00,25829.5,25806.5,25837.5,25784,2705173
2023-09-09 16:45:00,25806.5,25811.5,25820.5,25800,581282
2023-09-09 17:00:00,25811.5,25818.5,25820.5,25806,440810
2023-09-09 17:15:00,25818.5,25827,25827,25818,328473
2023-09-09 17:30:00,25827,25826.5,25827,25809,1131096
2023-09-09 17:45:00,25826.5,25834.5,25839.5,25826.5,719341
2023-09-09 18:00:00,25834.5,25860,25906,25834,6634614
2023-09-09 18:15:00,25860,25852.5,25875,25852,858324
2023-09-09 18:30:00,25852.5,25880,25885,25852,1255910
2023-09-09 18:45:00,25880,25874,25886.5,25869.5,893628
2023-09-09 19:00:00,25874,25885,25885,25864.5,961723
2023-09-09 19:15:00,25885,25884,25898.5,25883,1491322
2023-09-09 19:30:00,25884,25877.5,25930.5,25869.5,3823033
2023-09-09 19:45:00,25877.5,25880.5,25886.5,25871,670302
2023-09-09 20:00:00,25880.5,25870,25892.5,25869,645754
2023-09-09 20:15:00,25870,25861,25871,25861,269794
2023-09-09 20:30:00,25861,25869,25870.5,25856.5,697702
2023-09-09 20:45:00,25869,25864.5,25873,25864.5,412027
2023-09-09 21:00:00,25864.5,25845.5,25865,25845,501379
2023-09-09 21:15:00,25845.5,25838,25845.5,25834.5,3431580
2023-09-09 21:30:00,25838,25845.5,25849,25834.5,283007
2023-09-09 21:45:00,25845.5,25850,25850.5,25840.5,187285
2023-09-09 22:00:00,25850,25856,25856,25844,320504
2023-09-09 22:15:00,25856,25854,25856,25846,758722
2023-09-09 22:30:00,25854,25847.5,25861,25847,419459
2023-09-09 22:45:00,25847.5,25860.5,25861,25838.5,488718
2023-09-09 23:00:00,25860.5,25850,25861,25850,345761
2023-09-09 23:15:00,25850,25869,25869,25843,1349976
2023-09-09 23:30:00,25869,25853,25869,25852.5,85687
2023-09-09 23:45:00,25853,25845,25853,25844.5,110853
2023-09-10 00:00:00,25845,25879.5,25886,25844.5,1084168
2023-09-10 00:15:00,25879.5,25859.5,25880,25856.5,344454
2023-09-10 00:30:00,25859.5,25850,25860,25849.5,172916
2023-09-10 00:45:00,25850,25877,25877.5,25849.5,110623
2023-09-10 01:00:00,25877,25885.5,25886,25867.5,493738
2023-09-10 01:15:00,25885.5,25883,25897.5,25883,253388
2023-09-10 01:30:00,25883,25891.5,25891.5,25883,280557
2023-09-10 01:45:00,25891.5,25890,25897,25890,260717
2023-09-10 02:00:00,25890,25885,25903,25884.5,679456
2023-09-10 02:15:00,25885,25880.5,25885,25880,169178
2023-09-10 02:30:00,25880.5,25881.5,25881.5,25871.5,601447
2023-09-10 02:45:00,25881.5,25881.5,25882,25876.5,242061
2023-09-10 03:00:00,25881.5,25874,25884,25873.5,287444
2023-09-10 03:15:00,25874,25846,25874,25845,2658900
2023-09-10 03:30:00,25846,25842.5,25847,25842.5,265676
2023-09-10 03:45:00,25842.5,25843,25843,25842.5,35358
2023-09-10 04:00:00,25843,25832.5,25843,25832,514005
2023-09-10 04:15:00,25832.5,25829,25832.5,25812,1810569
2023-09-10 04:30:00,25829,25829,25829.5,25813,906841
2023-09-10 04:45:00,25829,25825.5,25829.5,25824,547739
2023-09-10 05:00:00,25825.5,25830,25830.5,25825,363464
2023-09-10 05:15:00,25830,25829.5,25834.5,25826.5,606728
2023-09-10 05:30:00,25829.5,25820.5,25830,25820.5,115252
2023-09-10 05:45:00,25820.5,25830.5,25830.5,25820.5,830859
2023-09-10 06:00:00,25830.5,25835.5,25838.5,25830,298002
2023-09-10 06:15:00,25835.5,25811.5,25835.5,25811.5,414758
2023-09-10 06:30:00,25811.5,25852,25855.5,25810,942812
2023-09-10 06:45:00,25852,25841.5,25852,25841,446779
2023-09-10 07:00:00,25841.5,25834.5,25841.5,25834,347444
2023-09-10 07:15:00,25834.5,25764,25834.5,25733.5,9485286
2023-09-10 07:30:00,25764,25785.5,25806.5,25749,1306727
2023-09-10 07:45:00,25785.5,25814,25814,25781.5,685455
2023-09-10 08:00:00,25814,25797.5,25814.5,25788,1322707
2023-09-10 08:15:00,25797.5,25830,25830,25795,704500
2023-09-10 08:30:00,25830,25824,25836,25822,265337
2023-09-10 08:45:00,25824,25833.5,25835,25824,284821
2023-09-10 09:00:00,25833.5,25839.5,25840,25824.5,412673
2023-09-10 09:15:00,25839.5,25845.5,25850,25839.5,376406
2023-09-10 09:30:00,25845.5,25836.5,25846,25836,222374
2023-09-10 09:45:00,25836.5,25831,25840.5,25831,675204
2023-09-10 10:00:00,25831,25847,25847,25831,582496
2023-09-10 10:15:00,25847,25840.5,25850,25840,513339
2023-09-10 10:30:00,25840.5,25835,25846.5,25835,1170308
2023-09-10 10:45:00,25835,25831.5,25835.5,25831,124635
2023-09-10 11:00:00,25831.5,25813.5,25831.5,25800,1904778
2023-09-10 11:15:00,25813.5,25844.5,25845,25813.5,317008
2023-09-10 11:30:00,25844.5,25834,25845,25832,684751
2023-09-10 11:45:00,25834,25836.5,25844.5,25833.5,433628
2023-09-10 12:00:00,25836.5,25837,25837,25822,644344
2023-09-10 12:15:00,25837,25837,25845.5,25836.5,299218
2023-09-10 12:30:00,25837,25824.5,25837,25824,500239
2023-09-10 12:45:00,25824.5,25813,25824.5,25810,449761
2023-09-10 13:00:00,25813,25804.5,25816.5,25800,732249
2023-09-10 13:15:00,25804.5,25809,25813,25798,1143027
2023-09-10 13:30:00,25809,25793.5,25809.5,25785.5,870110
2023-09-10 13:45:00,25793.5,25790,25796,25789,384061
2023-09-10 14:00:00,25790,25808.5,25808.5,25780.5,774763
2023-09-10 14:15:00,25808.5,25799.5,25808.5,25795,322926
2023-09-10 14:30:00,25799.5,25796.5,25806.5,25783,661917
2023-09-10 14:45:00,25796.5,25781,25796.5,25777.5,979568
2023-09-10 15:00:00,25781,25798.5,25803.5,25778,788499
2023-09-10 15:15:00,25798.5,25796.5,25804,25789,658238
2023-09-10 15:30:00,25796.5,25796,25796.5,25780,392164
2023-09-10 15:45:00,25796,25788.5,25796,25788,296923
2023-09-10 16:00:00,25788.5,25772,25788.5,25767.5,939043
2023-09-10 16:15:00,25772,25781.5,25782,25754,1238702
2023-09-10 16:30:00,25781.5,25784.5,25795,25768,914262
2023-09-10 16:45:00,25784.5,25795,25818,25784.5,1627959
2023-09-10 17:00:00,25795,25806.5,25806.5,25795,458701
2023-09-10 17:15:00,25806.5,25788.5,25806.5,25788,610032
2023-09-10 17:30:00,25788.5,25765,25788.5,25754.5,1288344
2023-09-10 17:45:00,25765,25754.5,25778.5,25717.5,10517847
2023-09-10 18:00:00,25754.5,25744.5,25755,25695.5,6122859
2023-09-10 18:15:00,25744.5,25725.5,25761.5,25725.5,1864028
2023-09-10 18:30:00,25725.5,25771,25780,25725.5,1419437
2023-09-10 18:45:00,25771,25755.5,25775,25752.5,959916
2023-09-10 19:00:00,25755.5,25750,25759,25750,488759
2023-09-10 19:15:00,25750,25741.5,25770.5,25719.5,1364519
2023-09-10 19:30:00,25741.5,25750,25750.5,25725,635733
2023-09-10 19:45:00,25750,25774.5,25775,25635.5,15131820
2023-09-10 20:00:00,25774.5,25705.5,25776.5,25689,3468904
2023-09-10 20:15:00,25705.5,25697,25708.5,25672.5,2341107
2023-09-10 20:30:00,25697,25677.5,25704.5,25655.5,1661706
2023-09-10 20:45:00,25677.5,25679.5,25707.5,25652.5,2402793
2023-09-10 21:00:00,25679.5,25715,25715,25672,1375451
2023-09-10 21:15:00,25715,25727.5,25742,25713.5,3890688
2023-09-10 21:30:00,25727.5,25716.5,25739.5,25716,503865
2023-09-10 21:45:00,25716.5,25704.5,25717.5,25704.5,842575
2023-09-10 22:00:00,25704.5,25706,25725.5,25702,904163
2023-09-10 22:15:00,25706,25697.5,25706,25697,554041
2023-09-10 22:30:00,25697.5,25703.5,25710,25536.5,18527318
2023-09-10 22:45:00,25703.5,25784.5,25842,25680,16180788
2023-09-10 23:00:00,25784.5,25816,25841.5,25752.5,7951238
2023-09-10 23:15:00,25816,25831.5,25896.5,25804,13992938
2023-09-10 23:30:00,25831.5,25780.5,25840,25768.5,7581648
2023-09-10 23:45:00,25780.5,25803.5,25814.5,25767,4308134
2023-09-11 00:00:00,25803.5,25865.5,25867.5,25798.5,3266110
2023-09-11 00:15:00,25865.5,25874.5,25889.5,25847,2834076
2023-09-11 00:30:00,25874.5,25866,25881.5,25852.5,1110506
2023-09-11 00:45:00,25866,25879.5,25880,25828.5,3969429
2023-09-11 01:00:00,25879.5,25870,25940,25839.5,6280502
2023-09-11 01:15:00,25870,25894.5,25917.5,25869.5,2435751
2023-09-11 01:30:00,25894.5,25868.5,26016,25856,14967357
2023-09-11 01:45:00,25868.5,25832,25869,25823.5,5641800
